source_input,follow_input,target_output,follow_output
"['I', 'do', ""n't"", 'know', 'if', 'you', 'spoke', 'to', 'me', 'before', 'that', 'or', 'when', 'it', 'was', 'that', 'was', 'happening', '.', 'Or']","['When', 'it', 'was', 'that', 'was', 'happening', '.', 'Or', ',', 'I', 'do', ""n't"", 'know', 'if', 'you', 'spoke', 'to', 'me', 'before', 'that', 'or', '.']","['ADV', 'PRON', 'VERB', 'DET', 'AUX', 'VERB', 'PUNCT', 'CCONJ', 'PUNCT', 'PRON', 'AUX', 'PART', 'VERB', 'SCONJ', 'PRON', 'VERB', 'ADP', 'PRON', 'ADP', 'DET', 'CCONJ', 'PUNCT']","['ADV', 'PRON', 'VERB', 'DET', 'AUX', 'PUNCT', 'PUNCT', 'CCONJ', 'PUNCT', 'PRON', 'AUX', 'PART', 'VERB', 'SCONJ', 'PRON', 'VERB', 'ADP', 'PRON', 'ADP', 'DET', 'CCONJ', 'PUNCT']"
"['But', 'the', 'man', 'did', 'not', 'last', 'in', 'power', 'more', 'than', 'one', 'term', '-LRB-', 'four', 'years', '-RRB-', ',', 'and', 'when', 'he', 'began', 'to', 'understand', 'the', 'truth', 'of', 'the', 'conflict', 'in', 'the', 'region', ',', 'he', 'lost', 'the', 'presidential', 'elections', '.']","['When', 'he', 'began', 'to', 'understand', 'the', 'truth', 'of', 'the', 'conflict', 'in', 'the', 'region', ',', 'but', 'the', 'man', 'did', 'not', 'last', 'in', 'power', 'more', 'than', 'one', 'term', '-LRB-', 'four', 'years', '-RRB-', ',', 'and', ',', 'he', 'lost', 'the', 'presidential', 'elections', '.']","['ADV', 'PRON', 'VERB', 'PART', 'VERB', 'DET', 'NOUN', 'ADP', 'DET', 'NOUN', 'ADP', 'DET', 'NOUN', 'PUNCT', 'CCONJ', 'DET', 'NOUN', 'AUX', 'PART', 'VERB', 'ADP', 'NOUN', 'ADJ', 'SCONJ', 'NUM', 'NOUN', 'PROPN', 'NUM', 'NOUN', 'PROPN', 'PUNCT', 'CCONJ', 'PUNCT', 'PRON', 'VERB', 'DET', 'ADJ', 'NOUN', 'PUNCT']","['ADV', 'PRON', 'VERB', 'PART', 'VERB', 'DET', 'NOUN', 'ADP', 'DET', 'NOUN', 'ADP', 'DET', 'NOUN', 'PUNCT', 'CCONJ', 'DET', 'NOUN', 'AUX', 'PART', 'VERB', 'ADP', 'NOUN', 'ADJ', 'SCONJ', 'NUM', 'NOUN', 'PUNCT', 'NUM', 'NOUN', 'PROPN', 'PUNCT', 'CCONJ', 'PUNCT', 'PRON', 'VERB', 'DET', 'ADJ', 'NOUN', 'PUNCT']"
"['First', 'of', 'all', ',', 'for', 'people', 'who', 'work', 'in', 'the', 'city', 'from', 'the', 'central', 'and', 'western', 'regions', 'um', ',', 'uh', ',', 'according', 'to', 'their', 'educational', 'level', ',', 'they', 'generally', 'engage', 'in', 'strenuous', 'manual', 'labor', 'when', 'they', 'leave', 'for', 'the', 'city', 'to', 'work', '.']","['When', 'they', 'leave', 'for', 'the', 'city', 'to', 'work', ',', 'first', 'of', 'all', ',', 'for', 'people', 'who', 'work', 'in', 'the', 'city', 'from', 'the', 'central', 'and', 'western', 'regions', 'um', ',', 'uh', ',', 'according', 'to', 'their', 'educational', 'level', ',', 'they', 'generally', 'engage', 'in', 'strenuous', 'manual', 'labor', '.']","['ADV', 'PRON', 'VERB', 'ADP', 'DET', 'NOUN', 'PART', 'VERB', 'PUNCT', 'ADV', 'ADP', 'DET', 'PUNCT', 'ADP', 'NOUN', 'PRON', 'VERB', 'ADP', 'DET', 'NOUN', 'ADP', 'DET', 'ADJ', 'CCONJ', 'ADJ', 'NOUN', 'INTJ', 'PUNCT', 'INTJ', 'PUNCT', 'ADP', 'ADP', 'PRON', 'ADJ', 'NOUN', 'PUNCT', 'PRON', 'ADV', 'VERB', 'ADP', 'ADJ', 'ADJ', 'NOUN', 'PUNCT']","['ADV', 'PRON', 'VERB', 'ADP', 'DET', 'NOUN', 'PART', 'VERB', 'PUNCT', 'ADV', 'ADP', 'DET', 'PUNCT', 'ADP', 'NOUN', 'PRON', 'VERB', 'ADP', 'DET', 'NOUN', 'ADP', 'DET', 'ADJ', 'CCONJ', 'ADJ', 'NOUN', 'INTJ', 'PUNCT', 'INTJ', 'PUNCT', 'VERB', 'ADP', 'PRON', 'ADJ', 'NOUN', 'PUNCT', 'PRON', 'ADV', 'VERB', 'ADP', 'ADJ', 'ADJ', 'NOUN', 'PUNCT']"
"['""', 'The', 'government', 'says', 'that', 'the', 'first', 'phase', 'is', 'for', 'transporting', 'gravel', ',', 'but', 'when', 'the', 'third', 'phase', 'is', 'completed', 'a', 'lot', 'of', 'goods', 'will', 'be', 'shipped', 'in', 'and', 'out', 'of', 'here', '.']","['When', 'the', 'third', 'phase', 'is', 'completed', 'a', 'lot', 'of', 'goods', 'will', 'be', 'shipped', 'in', 'and', 'out', 'of', 'here', ',', '""', 'The', 'government', 'says', 'that', 'the', 'first', 'phase', 'is', 'for', 'transporting', 'gravel', ',', 'but', '.']","['ADV', 'DET', 'ADJ', 'NOUN', 'AUX', 'VERB', 'DET', 'NOUN', 'ADP', 'NOUN', 'AUX', 'AUX', 'VERB', 'ADP', 'CCONJ', 'SCONJ', 'ADP', 'ADV', 'PUNCT', 'PUNCT', 'DET', 'NOUN', 'VERB', 'SCONJ', 'DET', 'ADJ', 'NOUN', 'AUX', 'ADP', 'NOUN', 'NOUN', 'PUNCT', 'CCONJ', 'PUNCT']","['ADV', 'DET', 'ADJ', 'NOUN', 'AUX', 'VERB', 'DET', 'NOUN', 'ADP', 'NOUN', 'AUX', 'AUX', 'VERB', 'ADP', 'CCONJ', 'SCONJ', 'ADP', 'ADV', 'PUNCT', 'PUNCT', 'DET', 'NOUN', 'VERB', 'SCONJ', 'DET', 'ADJ', 'NOUN', 'AUX', 'ADP', 'VERB', 'NOUN', 'PUNCT', 'CCONJ', 'PUNCT']"
"['Customs', 'is', 'entitled', 'to', 'reject', 'shipments', 'of', 'goods', 'that', 'can', 'not', 'provide', 'legal', 'proof', ';', 'for', 'importing', 'and', 'exporting', 'laser', 'discs', ',', 'laser', 'video', 'discs', 'and', 'importing', 'laser', 'disc', 'molds', 'and', 'materials', 'and', 'laser', 'videos', 'as', 'part', 'of', 'processing', 'trade', ',', 'the', 'consignors', 'and', 'consignees', 'shall', 'complete', 'Customs', 'formalities', 'based', 'on', 'relevant', 'regulations', 'of', 'the', 'country', 'and', 'proof', 'of', 'approval', 'issued', 'by', 'relevant', 'departments', 'concerned', 'with', 'audio', 'and', 'video', 'products', ';', 'when', 'importing', 'and', 'exporting', 'goods', ',', 'if', 'the', 'consignors', 'and', 'consignees', 'falsify', 'conditions', 'of', 'the', 'property', 'rights', 'of', 'the', 'goods', ',', 'evade', 'supervision', 'of', 'Customs', ',', 'and', 'smuggle', 'goods', 'that', 'violate', 'rights', ',', 'Customs', 'will', 'handle', 'them', 'in', 'accordance', 'with', 'the', 'relevant', 'regulations', '.']","['When', 'importing', 'and', 'exporting', 'goods', ',', 'customs', 'is', 'entitled', 'to', 'reject', 'shipments', 'of', 'goods', 'that', 'can', 'not', 'provide', 'legal', 'proof', ';', 'for', 'importing', 'and', 'exporting', 'laser', 'discs', ',', 'laser', 'video', 'discs', 'and', 'importing', 'laser', 'disc', 'molds', 'and', 'materials', 'and', 'laser', 'videos', 'as', 'part', 'of', 'processing', 'trade', ',', 'the', 'consignors', 'and', 'consignees', 'shall', 'complete', 'Customs', 'formalities', 'based', 'on', 'relevant', 'regulations', 'of', 'the', 'country', 'and', 'proof', 'of', 'approval', 'issued', 'by', 'relevant', 'departments', 'concerned', 'with', 'audio', 'and', 'video', 'products', ';', ',', 'if', 'the', 'consignors', 'and', 'consignees', 'falsify', 'conditions', 'of', 'the', 'property', 'rights', 'of', 'the', 'goods', ',', 'evade', 'supervision', 'of', 'Customs', ',', 'and', 'smuggle', 'goods', 'that', 'violate', 'rights', ',', 'Customs', 'will', 'handle', 'them', 'in', 'accordance', 'with', 'the', 'relevant', 'regulations', '.']","['ADV', 'VERB', 'CCONJ', 'NOUN', 'NOUN', 'PUNCT', 'NOUN', 'AUX', 'VERB', 'PART', 'VERB', 'NOUN', 'ADP', 'NOUN', 'DET', 'AUX', 'AUX', 'VERB', 'ADJ', 'NOUN', 'PUNCT', 'ADP', 'VERB', 'CCONJ', 'NOUN', 'NOUN', 'NOUN', 'PUNCT', 'NOUN', 'NOUN', 'NOUN', 'CCONJ', 'VERB', 'NOUN', 'NOUN', 'NOUN', 'CCONJ', 'NOUN', 'CCONJ', 'NOUN', 'NOUN', 'ADP', 'NOUN', 'ADP', 'NOUN', 'NOUN', 'PUNCT', 'DET', 'NOUN', 'CCONJ', 'NOUN', 'AUX', 'VERB', 'PROPN', 'NOUN', 'VERB', 'ADP', 'ADJ', 'NOUN', 'ADP', 'DET', 'NOUN', 'CCONJ', 'NOUN', 'ADP', 'NOUN', 'VERB', 'ADP', 'ADJ', 'NOUN', 'VERB', 'ADP', 'ADJ', 'CCONJ', 'NOUN', 'NOUN', 'PUNCT', 'PUNCT', 'SCONJ', 'DET', 'NOUN', 'CCONJ', 'NOUN', 'VERB', 'NOUN', 'ADP', 'DET', 'NOUN', 'NOUN', 'ADP', 'DET', 'NOUN', 'PUNCT', 'VERB', 'NOUN', 'ADP', 'PROPN', 'PUNCT', 'CCONJ', 'VERB', 'NOUN', 'DET', 'VERB', 'NOUN', 'PUNCT', 'PROPN', 'AUX', 'VERB', 'PRON', 'ADP', 'NOUN', 'ADP', 'DET', 'ADJ', 'NOUN', 'PUNCT']","['ADV', 'VERB', 'CCONJ', 'VERB', 'NOUN', 'PUNCT', 'NOUN', 'AUX', 'VERB', 'PART', 'VERB', 'NOUN', 'ADP', 'NOUN', 'DET', 'AUX', 'AUX', 'VERB', 'ADJ', 'NOUN', 'PUNCT', 'ADP', 'CCONJ', 'CCONJ', 'NOUN', 'NOUN', 'NOUN', 'PUNCT', 'NOUN', 'NOUN', 'NOUN', 'CCONJ', 'VERB', 'NOUN', 'NOUN', 'NOUN', 'CCONJ', 'NOUN', 'CCONJ', 'NOUN', 'NOUN', 'ADP', 'NOUN', 'ADP', 'NOUN', 'NOUN', 'PUNCT', 'DET', 'NOUN', 'CCONJ', 'NOUN', 'AUX', 'VERB', 'PROPN', 'NOUN', 'VERB', 'ADP', 'ADJ', 'NOUN', 'ADP', 'DET', 'NOUN', 'CCONJ', 'NOUN', 'ADP', 'NOUN', 'VERB', 'ADP', 'ADJ', 'NOUN', 'VERB', 'ADP', 'ADJ', 'CCONJ', 'NOUN', 'NOUN', 'PUNCT', 'PUNCT', 'SCONJ', 'DET', 'NOUN', 'CCONJ', 'NOUN', 'VERB', 'NOUN', 'ADP', 'DET', 'NOUN', 'NOUN', 'ADP', 'DET', 'NOUN', 'PUNCT', 'VERB', 'NOUN', 'ADP', 'PROPN', 'PUNCT', 'CCONJ', 'VERB', 'NOUN', 'DET', 'VERB', 'NOUN', 'PUNCT', 'PROPN', 'AUX', 'VERB', 'PRON', 'ADP', 'NOUN', 'ADP', 'DET', 'ADJ', 'NOUN', 'PUNCT']"
"['But', 'other', 'than', 'the', 'fact', 'that', 'besuboru', 'is', 'played', 'with', 'a', 'ball', 'and', 'a', 'bat', ',', 'it', ""'s"", 'unrecognizable', ':', 'Fans', 'politely', 'return', 'foul', 'balls', 'to', 'stadium', 'ushers', ';', 'the', 'strike', 'zone', 'expands', 'depending', 'on', 'the', 'size', 'of', 'the', 'hitter', ';', 'ties', 'are', 'permitted', '--', 'even', 'welcomed', '--', 'since', 'they', 'honorably', 'sidestep', 'the', 'shame', 'of', 'defeat', ';', 'players', 'must', 'abide', 'by', 'strict', 'rules', 'of', 'conduct', 'even', 'in', 'their', 'personal', 'lives', '--', 'players', 'for', 'the', 'Tokyo', 'Giants', ',', 'for', 'example', ',', 'must', 'always', 'wear', 'ties', 'when', 'on', 'the', 'road', '.']","['When', 'on', 'the', 'road', ',', 'but', 'other', 'than', 'the', 'fact', 'that', 'besuboru', 'is', 'played', 'with', 'a', 'ball', 'and', 'a', 'bat', ',', 'it', ""'s"", 'unrecognizable', ':', 'Fans', 'politely', 'return', 'foul', 'balls', 'to', 'stadium', 'ushers', ';', 'the', 'strike', 'zone', 'expands', 'depending', 'on', 'the', 'size', 'of', 'the', 'hitter', ';', 'ties', 'are', 'permitted', '--', 'even', 'welcomed', '--', 'since', 'they', 'honorably', 'sidestep', 'the', 'shame', 'of', 'defeat', ';', 'players', 'must', 'abide', 'by', 'strict', 'rules', 'of', 'conduct', 'even', 'in', 'their', 'personal', 'lives', '--', 'players', 'for', 'the', 'Tokyo', 'Giants', ',', 'for', 'example', ',', 'must', 'always', 'wear', 'ties', '.']","['ADV', 'ADP', 'DET', 'NOUN', 'PUNCT', 'CCONJ', 'ADJ', 'SCONJ', 'DET', 'NOUN', 'SCONJ', 'NOUN', 'AUX', 'VERB', 'ADP', 'DET', 'NOUN', 'CCONJ', 'DET', 'NOUN', 'PUNCT', 'PRON', 'AUX', 'ADJ', 'PUNCT', 'NOUN', 'ADV', 'VERB', 'ADJ', 'NOUN', 'ADP', 'NOUN', 'NOUN', 'PUNCT', 'DET', 'NOUN', 'NOUN', 'VERB', 'VERB', 'ADP', 'DET', 'NOUN', 'ADP', 'DET', 'NOUN', 'PUNCT', 'NOUN', 'AUX', 'VERB', 'PUNCT', 'ADV', 'VERB', 'PUNCT', 'SCONJ', 'PRON', 'ADV', 'VERB', 'DET', 'NOUN', 'ADP', 'NOUN', 'PUNCT', 'NOUN', 'AUX', 'VERB', 'ADP', 'ADJ', 'NOUN', 'ADP', 'NOUN', 'ADV', 'ADP', 'PRON', 'ADJ', 'NOUN', 'PUNCT', 'NOUN', 'ADP', 'DET', 'PROPN', 'PROPN', 'PUNCT', 'ADP', 'NOUN', 'PUNCT', 'AUX', 'ADV', 'VERB', 'NOUN', 'PUNCT']","['ADV', 'ADP', 'DET', 'NOUN', 'PUNCT', 'CCONJ', 'ADJ', 'SCONJ', 'DET', 'NOUN', 'SCONJ', 'NOUN', 'AUX', 'VERB', 'ADP', 'DET', 'NOUN', 'CCONJ', 'DET', 'NOUN', 'PUNCT', 'PRON', 'AUX', 'ADJ', 'PUNCT', 'NOUN', 'ADV', 'VERB', 'ADJ', 'NOUN', 'ADP', 'NOUN', 'NOUN', 'PUNCT', 'DET', 'NOUN', 'NOUN', 'VERB', 'ADP', 'ADP', 'DET', 'NOUN', 'ADP', 'DET', 'NOUN', 'PUNCT', 'NOUN', 'AUX', 'VERB', 'PUNCT', 'ADV', 'VERB', 'PUNCT', 'SCONJ', 'PRON', 'ADV', 'VERB', 'DET', 'NOUN', 'ADP', 'NOUN', 'PUNCT', 'NOUN', 'AUX', 'VERB', 'ADP', 'ADJ', 'NOUN', 'ADP', 'NOUN', 'ADV', 'ADP', 'PRON', 'ADJ', 'NOUN', 'PUNCT', 'NOUN', 'ADP', 'DET', 'PROPN', 'PROPN', 'PUNCT', 'ADP', 'NOUN', 'PUNCT', 'AUX', 'ADV', 'VERB', 'NOUN', 'PUNCT']"
"['Chen', 'frets', 'about', 'the', 'way', 'the', 'media', 'has', 'focused', 'the', 'spotlight', 'on', 'him', 'alone', ',', 'when', 'numerous', 'other', 'individuals', 'are', 'also', 'involved', ',', 'all', 'chipping', 'in', 'what', 'they', 'can', '.']","['When', 'numerous', 'other', 'individuals', 'are', 'also', 'involved', ',', 'chen', 'frets', 'about', 'the', 'way', 'the', 'media', 'has', 'focused', 'the', 'spotlight', 'on', 'him', 'alone', ',', 'all', 'chipping', 'in', 'what', 'they', 'can', '.']","['ADV', 'ADJ', 'ADJ', 'NOUN', 'VERB', 'ADV', 'ADJ', 'PUNCT', 'PROPN', 'VERB', 'ADP', 'DET', 'NOUN', 'DET', 'NOUN', 'AUX', 'VERB', 'DET', 'NOUN', 'ADP', 'PRON', 'ADV', 'PUNCT', 'DET', 'VERB', 'ADP', 'PRON', 'PRON', 'AUX', 'PUNCT']","['ADV', 'ADJ', 'ADJ', 'NOUN', 'AUX', 'ADV', 'VERB', 'PUNCT', 'PROPN', 'VERB', 'ADP', 'DET', 'NOUN', 'DET', 'NOUN', 'AUX', 'VERB', 'DET', 'NOUN', 'ADP', 'PRON', 'ADV', 'PUNCT', 'DET', 'VERB', 'ADP', 'PRON', 'PRON', 'AUX', 'PUNCT']"
"['Harry', 'has', 'avoided', 'all', 'that', 'by', 'living', 'in', 'a', 'Long', 'Island', 'suburb', 'with', 'his', 'wife', ',', 'who', ""'s"", 'so', 'addicted', 'to', 'soap', 'operas', 'and', 'mystery', 'novels', 'she', 'barely', 'seems', 'to', 'notice', 'when', 'her', 'husband', 'disappears', 'for', 'drug', '-', 'seeking', 'forays', 'into', 'Manhattan', '.']","['When', 'her', 'husband', 'disappears', 'for', 'drug', '-', 'seeking', 'forays', 'into', 'Manhattan', ',', 'harry', 'has', 'avoided', 'all', 'that', 'by', 'living', 'in', 'a', 'Long', 'Island', 'suburb', 'with', 'his', 'wife', ',', 'who', ""'s"", 'so', 'addicted', 'to', 'soap', 'operas', 'and', 'mystery', 'novels', 'she', 'barely', 'seems', 'to', 'notice', '.']","['ADV', 'PRON', 'NOUN', 'VERB', 'ADP', 'NOUN', 'PUNCT', 'VERB', 'NOUN', 'ADP', 'PROPN', 'PUNCT', 'PROPN', 'AUX', 'VERB', 'DET', 'DET', 'ADP', 'ADP', 'ADP', 'DET', 'PROPN', 'PROPN', 'NOUN', 'ADP', 'PRON', 'NOUN', 'PUNCT', 'PRON', 'VERB', 'ADV', 'ADJ', 'ADP', 'NOUN', 'NOUN', 'CCONJ', 'NOUN', 'NOUN', 'PRON', 'ADV', 'VERB', 'PART', 'VERB', 'PUNCT']","['ADV', 'PRON', 'NOUN', 'VERB', 'ADP', 'NOUN', 'PUNCT', 'NOUN', 'NOUN', 'ADP', 'PROPN', 'PUNCT', 'NOUN', 'AUX', 'VERB', 'DET', 'DET', 'ADP', 'ADP', 'ADP', 'DET', 'PROPN', 'PROPN', 'NOUN', 'ADP', 'PRON', 'NOUN', 'PUNCT', 'PRON', 'VERB', 'ADV', 'ADJ', 'ADP', 'NOUN', 'NOUN', 'CCONJ', 'NOUN', 'NOUN', 'PRON', 'ADV', 'VERB', 'PART', 'VERB', 'PUNCT']"
"['He', 'is', 'the', 'one', 'you', 'saw', 'on', 'the', 'road', 'when', 'you', 'came', 'here', '.']","['When', 'you', 'came', 'here', ',', 'he', 'is', 'the', 'one', 'you', 'saw', 'on', 'the', 'road', '.']","['ADV', 'PRON', 'VERB', 'ADV', 'PUNCT', 'PRON', 'AUX', 'DET', 'NOUN', 'PRON', 'VERB', 'ADP', 'DET', 'NOUN', 'PUNCT']","['ADV', 'PRON', 'VERB', 'ADV', 'PUNCT', 'PRON', 'AUX', 'DET', 'NUM', 'PRON', 'VERB', 'ADP', 'DET', 'NOUN', 'PUNCT']"
"['And', 'you', ""'ll"", 'see', 'a', 'lot', 'of', 'this', 'unfold', 'this', 'week', 'both', 'in', 'Europe', 'when', 'Secretary', 'Rice', 'meets', 'with', 'her', 'counterparts', 'on', 'Wednesday', 'at', 'the', 'GA', 'summit', 'in', 'St.', 'Petersburgh', 'At', 'the', 'end', 'of', 'the', 'week', 'when', 'the', 'president', 'is', 'there']","['When', 'Secretary', 'Rice', 'meets', 'with', 'her', 'counterparts', 'on', 'Wednesday', 'at', 'the', 'GA', 'summit', 'in', 'St.', 'Petersburgh', 'At', 'the', 'end', 'of', 'the', 'week', 'when', 'the', 'president', 'is', 'there', ',', 'and', 'you', ""'ll"", 'see', 'a', 'lot', 'of', 'this', 'unfold', 'this', 'week', 'both', 'in', 'Europe', '.']","['ADV', 'PROPN', 'PROPN', 'VERB', 'ADP', 'PRON', 'NOUN', 'ADP', 'PROPN', 'ADP', 'DET', 'PROPN', 'NOUN', 'ADP', 'PROPN', 'PROPN', 'ADP', 'DET', 'NOUN', 'ADP', 'DET', 'NOUN', 'ADV', 'DET', 'NOUN', 'VERB', 'ADV', 'PUNCT', 'CCONJ', 'PRON', 'AUX', 'VERB', 'DET', 'NOUN', 'ADP', 'DET', 'VERB', 'DET', 'NOUN', 'CCONJ', 'ADP', 'PROPN', 'PUNCT']","['ADV', 'PROPN', 'PROPN', 'VERB', 'ADP', 'PRON', 'NOUN', 'ADP', 'PROPN', 'ADP', 'DET', 'PROPN', 'NOUN', 'ADP', 'PROPN', 'PROPN', 'ADP', 'DET', 'NOUN', 'ADP', 'DET', 'NOUN', 'ADV', 'DET', 'NOUN', 'VERB', 'ADV', 'PUNCT', 'CCONJ', 'PRON', 'AUX', 'VERB', 'DET', 'NOUN', 'ADP', 'DET', 'VERB', 'DET', 'NOUN', 'DET', 'ADP', 'PROPN', 'PUNCT']"
"['I', 'wonder', 'about', 'that', 'myself', ',', 'but', 'I', 'have', 'to', 'say', 'that', 'when', 'I', 'was', '30', ',', 'I', 'was', ""n't"", 'plying', '15', 'year', 'old', 'girls', 'with', 'booze', '&', 'copping', 'feels', '.']","['When', 'I', 'was', '30', ',', 'I', 'wonder', 'about', 'that', 'myself', ',', 'but', 'I', 'have', 'to', 'say', 'that', ',', 'I', 'was', ""n't"", 'plying', '15', 'year', 'old', 'girls', 'with', 'booze', '&', 'copping', 'feels', '.']","['ADV', 'PRON', 'VERB', 'NUM', 'PUNCT', 'PRON', 'VERB', 'ADP', 'DET', 'PRON', 'PUNCT', 'CCONJ', 'PRON', 'VERB', 'PART', 'VERB', 'SCONJ', 'PUNCT', 'PRON', 'AUX', 'PART', 'VERB', 'NUM', 'NOUN', 'ADJ', 'NOUN', 'ADP', 'NOUN', 'CCONJ', 'NOUN', 'NOUN', 'PUNCT']","['ADV', 'PRON', 'VERB', 'NUM', 'PUNCT', 'PRON', 'VERB', 'ADP', 'SCONJ', 'PRON', 'PUNCT', 'CCONJ', 'PRON', 'VERB', 'PART', 'VERB', 'DET', 'PUNCT', 'PRON', 'AUX', 'PART', 'VERB', 'NUM', 'NOUN', 'ADJ', 'NOUN', 'ADP', 'NOUN', 'CCONJ', 'NOUN', 'NOUN', 'PUNCT']"
"['And', 'I', 'ca', ""n't"", 'ask', 'him', 'to', 'come', 'help', 'me', 'in', 'the', 'middle', 'of', 'the', 'night', 'when', 'I', 'forgot', 'to', 'take', 'out', 'something', 'they', 'put', 'in', 'the', 'freezer']","['When', 'I', 'forgot', 'to', 'take', 'out', 'something', 'they', 'put', 'in', 'the', 'freezer', ',', 'and', 'I', 'ca', ""n't"", 'ask', 'him', 'to', 'come', 'help', 'me', 'in', 'the', 'middle', 'of', 'the', 'night', '.']","['ADV', 'PRON', 'VERB', 'PART', 'VERB', 'ADP', 'PRON', 'PRON', 'VERB', 'ADP', 'DET', 'NOUN', 'PUNCT', 'CCONJ', 'PRON', 'AUX', 'PART', 'VERB', 'PRON', 'PART', 'AUX', 'VERB', 'PRON', 'ADP', 'DET', 'NOUN', 'ADP', 'DET', 'NOUN', 'PUNCT']","['ADV', 'PRON', 'VERB', 'PART', 'VERB', 'ADP', 'PRON', 'PRON', 'VERB', 'ADP', 'DET', 'NOUN', 'PUNCT', 'CCONJ', 'PRON', 'AUX', 'PART', 'VERB', 'PRON', 'PART', 'VERB', 'VERB', 'PRON', 'ADP', 'DET', 'NOUN', 'ADP', 'DET', 'NOUN', 'PUNCT']"
"['When', 'the', 'doubts', 'come', ',', 'some', 'people', 'continue', 'trying', 'to', 'find', 'answers', 'from', 'outside', ',', 'thinking', 'that', 'everything', 'would', 'be', 'fine', 'if', 'they', 'could', 'just', 'change', 'jobs', 'or', 'wives', '!']","['Some', 'people', 'continue', 'trying', 'to', 'find', 'answers', 'from', 'outside', ',', 'thinking', 'that', 'everything', 'would', 'be', 'fine', 'if', 'they', 'could', 'just', 'change', 'jobs', 'or', 'wives', ',', 'when', 'the', 'doubts', 'come', '.']","['DET', 'NOUN', 'VERB', 'PART', 'PART', 'VERB', 'NOUN', 'ADP', 'ADV', 'PUNCT', 'VERB', 'SCONJ', 'PRON', 'AUX', 'VERB', 'ADJ', 'SCONJ', 'PRON', 'AUX', 'ADV', 'VERB', 'NOUN', 'CCONJ', 'NOUN', 'PUNCT', 'ADV', 'DET', 'NOUN', 'VERB', 'PUNCT']","['DET', 'NOUN', 'VERB', 'PART', 'PART', 'VERB', 'NOUN', 'ADP', 'ADV', 'PUNCT', 'ADP', 'SCONJ', 'PRON', 'AUX', 'VERB', 'ADJ', 'SCONJ', 'PRON', 'AUX', 'ADV', 'VERB', 'NOUN', 'CCONJ', 'NOUN', 'PUNCT', 'ADV', 'DET', 'NOUN', 'VERB', 'PUNCT']"
"['So', 'when', 'NBC', ""'s"", 'Michelle', 'Kosinski', 'was', 'covering', 'some', 'flooding', 'in', 'New', 'Jersey', 'for', 'the', 'Today', 'Show', 'Friday', 'she', 'set', 'out', 'in', 'a', 'canoe']","['When', 'NBC', ""'s"", 'Michelle', 'Kosinski', 'was', 'covering', 'some', 'flooding', 'in', 'New', 'Jersey', 'for', 'the', 'Today', 'Show', 'Friday', 'she', 'set', 'out', 'in', 'a', 'canoe', ',', 'so', '.']","['ADV', 'PROPN', 'PART', 'PROPN', 'PROPN', 'AUX', 'VERB', 'DET', 'ADP', 'ADP', 'PROPN', 'PROPN', 'ADP', 'DET', 'PROPN', 'PROPN', 'PROPN', 'PRON', 'VERB', 'ADP', 'ADP', 'DET', 'NOUN', 'PUNCT', 'ADV', 'PUNCT']","['ADV', 'PROPN', 'PART', 'PROPN', 'PROPN', 'AUX', 'DET', 'DET', 'NOUN', 'ADP', 'PROPN', 'PROPN', 'ADP', 'DET', 'PROPN', 'PROPN', 'PROPN', 'PRON', 'VERB', 'ADP', 'ADP', 'DET', 'NOUN', 'PUNCT', 'ADV', 'PUNCT']"
"['As', 'you', 'watch', 'the', 'children', 'laughing', 'and', 'arguing', 'and', 'playing', ',', 'you', 'can', 'think', 'back', 'to', 'the', 'time', 'when', 'the', 'Japanese', 'government', 'did', 'not', 'allow', 'Taiwanese', 'and', 'Japanese', 'to', 'attend', 'school', 'together', '.']","['When', 'the', 'Japanese', 'government', 'did', 'not', 'allow', 'Taiwanese', 'and', 'Japanese', 'to', 'attend', 'school', 'together', ',', 'as', 'you', 'watch', 'the', 'children', 'laughing', 'and', 'arguing', 'and', 'playing', ',', 'you', 'can', 'think', 'back', 'to', 'the', 'time', '.']","['ADV', 'DET', 'ADJ', 'NOUN', 'AUX', 'PART', 'VERB', 'PROPN', 'CCONJ', 'PROPN', 'PART', 'VERB', 'NOUN', 'ADV', 'PUNCT', 'ADP', 'PRON', 'VERB', 'DET', 'NOUN', 'VERB', 'CCONJ', 'CCONJ', 'CCONJ', 'VERB', 'PUNCT', 'PRON', 'AUX', 'VERB', 'ADV', 'ADP', 'DET', 'NOUN', 'PUNCT']","['ADV', 'DET', 'ADJ', 'NOUN', 'AUX', 'PART', 'VERB', 'PROPN', 'CCONJ', 'PROPN', 'PART', 'VERB', 'NOUN', 'ADV', 'PUNCT', 'ADP', 'PRON', 'VERB', 'DET', 'NOUN', 'VERB', 'CCONJ', 'VERB', 'CCONJ', 'VERB', 'PUNCT', 'PRON', 'AUX', 'VERB', 'ADV', 'ADP', 'DET', 'NOUN', 'PUNCT']"
"['``', 'It', ""'s"", 'as', 'if', 'France', 'decided', 'to', 'give', 'only', 'French', 'history', 'questions', 'to', 'students', 'in', 'a', 'European', 'history', 'class', ',', 'and', 'when', 'everybody', 'aces', 'the', 'test', ',', 'they', 'say', 'their', 'kids', 'are', 'good', 'in', 'European', 'history', ',', ""''"", 'says', 'John', 'Cannell', ',', 'an', 'Albuquerque', ',', 'N.M.', ',', 'psychiatrist', 'and', 'founder', 'of', 'an', 'educational', 'research', 'organization', ',', 'Friends', 'for', 'Education', ',', 'which', 'has', 'studied', 'standardized', 'testing', '.']","['When', 'everybody', 'aces', 'the', 'test', ',', '``', 'It', ""'s"", 'as', 'if', 'France', 'decided', 'to', 'give', 'only', 'French', 'history', 'questions', 'to', 'students', 'in', 'a', 'European', 'history', 'class', ',', 'and', ',', 'they', 'say', 'their', 'kids', 'are', 'good', 'in', 'European', 'history', ',', ""''"", 'says', 'John', 'Cannell', ',', 'an', 'Albuquerque', ',', 'N.M.', ',', 'psychiatrist', 'and', 'founder', 'of', 'an', 'educational', 'research', 'organization', ',', 'Friends', 'for', 'Education', ',', 'which', 'has', 'studied', 'standardized', 'testing', '.']","['ADV', 'PRON', 'VERB', 'DET', 'NOUN', 'PUNCT', 'PUNCT', 'PRON', 'AUX', 'ADP', 'SCONJ', 'PROPN', 'VERB', 'PART', 'VERB', 'ADV', 'ADJ', 'NOUN', 'NOUN', 'ADP', 'NOUN', 'ADP', 'DET', 'ADJ', 'NOUN', 'NOUN', 'PUNCT', 'CCONJ', 'PUNCT', 'PRON', 'VERB', 'PRON', 'NOUN', 'AUX', 'ADJ', 'ADP', 'ADJ', 'NOUN', 'PUNCT', 'PUNCT', 'VERB', 'PROPN', 'PROPN', 'PUNCT', 'DET', 'PROPN', 'PUNCT', 'PROPN', 'PUNCT', 'NOUN', 'CCONJ', 'NOUN', 'ADP', 'DET', 'ADJ', 'NOUN', 'NOUN', 'PUNCT', 'PROPN', 'ADP', 'PROPN', 'PUNCT', 'DET', 'AUX', 'VERB', 'ADJ', 'NOUN', 'PUNCT']","['ADV', 'PRON', 'VERB', 'DET', 'NOUN', 'PUNCT', 'PUNCT', 'PRON', 'AUX', 'ADP', 'SCONJ', 'PROPN', 'VERB', 'PART', 'VERB', 'ADV', 'ADJ', 'NOUN', 'NOUN', 'ADP', 'NOUN', 'ADP', 'DET', 'ADJ', 'NOUN', 'NOUN', 'PUNCT', 'CCONJ', 'PUNCT', 'PRON', 'VERB', 'PRON', 'NOUN', 'AUX', 'ADJ', 'ADP', 'ADJ', 'NOUN', 'PUNCT', 'PUNCT', 'VERB', 'PROPN', 'PROPN', 'PUNCT', 'DET', 'PROPN', 'PUNCT', 'PROPN', 'PUNCT', 'NOUN', 'CCONJ', 'NOUN', 'ADP', 'DET', 'ADJ', 'NOUN', 'NOUN', 'PUNCT', 'PROPN', 'ADP', 'PROPN', 'PUNCT', 'DET', 'AUX', 'VERB', 'VERB', 'NOUN', 'PUNCT']"
"['We', 'do', ""n't"", 'know', 'who', 'eh', 'her', 'source', 'was', 'when', 'it', 'comes', 'to', 'revealing', 'the', 'identity', 'of', 'Valerie', 'Plame']","['When', 'it', 'comes', 'to', 'revealing', 'the', 'identity', 'of', 'Valerie', 'Plame', ',', 'we', 'do', ""n't"", 'know', 'who', 'eh', 'her', 'source', 'was', '.']","['ADV', 'PRON', 'VERB', 'ADP', 'VERB', 'DET', 'NOUN', 'ADP', 'PROPN', 'PROPN', 'PUNCT', 'PRON', 'AUX', 'PART', 'VERB', 'PRON', 'INTJ', 'PRON', 'NOUN', 'AUX', 'PUNCT']","['ADV', 'PRON', 'VERB', 'ADP', 'DET', 'DET', 'NOUN', 'ADP', 'PROPN', 'PROPN', 'PUNCT', 'PRON', 'AUX', 'PART', 'VERB', 'PRON', 'INTJ', 'PRON', 'NOUN', 'AUX', 'PUNCT']"
"['When', 'we', 'cut', 'off', 'all', 'attachment', 'to', 'thinking', ',', 'then', 'your', 'mind', 'and', 'my', 'mind', 'are', 'the', 'same', '-LRB-', '""', 'There', 'are', 'no', 'worlds', 'other', 'than', 'what', 'appears', 'when', 'I', 'shine', '""', '.', '-RRB-']","['Then', 'your', 'mind', 'and', 'my', 'mind', 'are', 'the', 'same', '-LRB-', '""', 'There', 'are', 'no', 'worlds', 'other', 'than', 'what', 'appears', 'when', 'I', 'shine', '""', '.', '-RRB-', ',', 'when', 'we', 'cut', 'off', 'all', 'attachment', 'to', 'thinking', '.']","['ADV', 'PRON', 'NOUN', 'CCONJ', 'PRON', 'NOUN', 'AUX', 'DET', 'ADJ', 'X', 'PUNCT', 'PRON', 'AUX', 'DET', 'NOUN', 'ADJ', 'SCONJ', 'PRON', 'VERB', 'ADV', 'PRON', 'VERB', 'PUNCT', 'PUNCT', 'PUNCT', 'PUNCT', 'ADV', 'PRON', 'VERB', 'ADP', 'DET', 'NOUN', 'ADP', 'NOUN', 'PUNCT']","['ADV', 'PRON', 'NOUN', 'CCONJ', 'PRON', 'NOUN', 'AUX', 'DET', 'ADJ', 'PUNCT', 'PUNCT', 'PRON', 'AUX', 'DET', 'NOUN', 'ADJ', 'SCONJ', 'PRON', 'VERB', 'ADV', 'PRON', 'VERB', 'PUNCT', 'PUNCT', 'PUNCT', 'PUNCT', 'ADV', 'PRON', 'VERB', 'ADP', 'DET', 'NOUN', 'ADP', 'NOUN', 'PUNCT']"
"['Then', 'Jesus', 'said', ',', '``', 'Believe', 'me', 'when', 'I', 'say', 'that', 'some', 'of', 'you', 'people', 'standing', 'here', 'will', 'see', 'God', ""'s"", 'kingdom', 'come', 'with', 'power', 'before', 'you', 'die', '.', ""''""]","['When', 'I', 'say', 'that', 'some', 'of', 'you', 'people', 'standing', 'here', 'will', 'see', 'God', ""'s"", 'kingdom', 'come', 'with', 'power', 'before', 'you', 'die', '.', ""''"", ',', 'then', 'Jesus', 'said', ',', '``', 'Believe', 'me', '.']","['ADV', 'PRON', 'VERB', 'SCONJ', 'DET', 'ADP', 'PRON', 'NOUN', 'ADV', 'ADV', 'AUX', 'VERB', 'PROPN', 'PART', 'NOUN', 'VERB', 'ADP', 'NOUN', 'ADP', 'PRON', 'VERB', 'PUNCT', 'PUNCT', 'PUNCT', 'ADV', 'PROPN', 'VERB', 'PUNCT', 'PUNCT', 'VERB', 'PRON', 'PUNCT']","['ADV', 'PRON', 'VERB', 'SCONJ', 'DET', 'ADP', 'PRON', 'NOUN', 'VERB', 'ADV', 'AUX', 'VERB', 'PROPN', 'PART', 'NOUN', 'VERB', 'ADP', 'NOUN', 'ADP', 'PRON', 'VERB', 'PUNCT', 'PUNCT', 'PUNCT', 'ADV', 'PROPN', 'VERB', 'PUNCT', 'PUNCT', 'VERB', 'PRON', 'PUNCT']"
"['Middle', 'age', 'is', 'a', 'time', 'where', 'one', 'wears', 'more', 'hats', 'than', 'at', 'any', 'other', 'time', 'in', 'one', ""'s"", 'life', ',', 'when', 'one', ""'s"", 'responsibilities', 'are', 'heaviest', '.']","['When', 'one', ""'s"", 'responsibilities', 'are', 'heaviest', ',', 'middle', 'age', 'is', 'a', 'time', 'where', 'one', 'wears', 'more', 'hats', 'than', 'at', 'any', 'other', 'time', 'in', 'one', ""'s"", 'life', '.']","['ADV', 'NOUN', 'PART', 'NOUN', 'VERB', 'ADJ', 'PUNCT', 'ADJ', 'NOUN', 'AUX', 'DET', 'NOUN', 'ADV', 'PRON', 'VERB', 'ADJ', 'NOUN', 'SCONJ', 'ADP', 'DET', 'ADJ', 'NOUN', 'ADP', 'NOUN', 'PART', 'NOUN', 'PUNCT']","['ADV', 'NOUN', 'PART', 'NOUN', 'VERB', 'ADJ', 'PUNCT', 'ADJ', 'NOUN', 'AUX', 'DET', 'NOUN', 'ADV', 'PRON', 'VERB', 'ADJ', 'NOUN', 'SCONJ', 'ADP', 'DET', 'ADJ', 'NOUN', 'ADP', 'PRON', 'PART', 'NOUN', 'PUNCT']"
"['Transports', 'plunged', 'on', 'takeover', 'disappointments', 'in', 'two', 'airline', 'stocks', ',', 'UAL', 'and', 'AMR', ',', 'which', 'each', 'fell', 'more', 'than', '20', '%', 'when', 'they', 'reopened', 'for', 'trading', 'yesterday', 'after', 'being', 'suspended', 'Friday', 'afternoon', '.']","['When', 'they', 'reopened', 'for', 'trading', 'yesterday', 'after', 'being', 'suspended', 'Friday', 'afternoon', ',', 'transports', 'plunged', 'on', 'takeover', 'disappointments', 'in', 'two', 'airline', 'stocks', ',', 'UAL', 'and', 'AMR', ',', 'which', 'each', 'fell', 'more', 'than', '20', '%', '.']","['ADV', 'PRON', 'VERB', 'ADP', 'NOUN', 'NOUN', 'ADP', 'AUX', 'VERB', 'PROPN', 'NOUN', 'PUNCT', 'NOUN', 'VERB', 'ADP', 'NOUN', 'NOUN', 'ADP', 'NUM', 'NOUN', 'NOUN', 'PUNCT', 'PROPN', 'CCONJ', 'PROPN', 'PUNCT', 'DET', 'DET', 'VERB', 'ADJ', 'SCONJ', 'NUM', 'NOUN', 'PUNCT']","['ADV', 'PRON', 'VERB', 'ADP', 'NOUN', 'NOUN', 'ADP', 'AUX', 'VERB', 'PROPN', 'NOUN', 'PUNCT', 'NOUN', 'VERB', 'ADP', 'NOUN', 'NOUN', 'ADP', 'NUM', 'NOUN', 'NOUN', 'PUNCT', 'PROPN', 'CCONJ', 'PROPN', 'PUNCT', 'DET', 'DET', 'VERB', 'ADJ', 'SCONJ', 'NUM', 'NOUN', 'NOUN']"
"['He', ""'s"", 'right', 'about', 'his', 'subcommittee', ""'s"", 'responsibilities', 'when', 'it', 'comes', 'to', 'obtaining', 'information', 'from', 'prior', 'HUD', 'officials', '.']","['When', 'it', 'comes', 'to', 'obtaining', 'information', 'from', 'prior', 'HUD', 'officials', ',', 'he', ""'s"", 'right', 'about', 'his', 'subcommittee', ""'s"", 'responsibilities', '.']","['ADV', 'PRON', 'VERB', 'ADP', 'NOUN', 'NOUN', 'ADP', 'ADJ', 'PROPN', 'NOUN', 'PUNCT', 'PRON', 'AUX', 'ADJ', 'ADP', 'PRON', 'NOUN', 'PART', 'NOUN', 'PUNCT']","['ADV', 'PRON', 'VERB', 'ADP', 'VERB', 'NOUN', 'ADP', 'ADJ', 'PROPN', 'NOUN', 'PUNCT', 'PRON', 'AUX', 'ADJ', 'ADP', 'PRON', 'NOUN', 'PART', 'NOUN', 'PUNCT']"
"['The', 'book', 'loses', 'some', 'momentum', 'toward', 'the', 'end', ',', 'when', 'Lily', 'becomes', 'more', 'preoccupied', 'with', 'dating', 'boys', 'and', 'less', 'with', 'her', 'delightfully', 'weird', 'family', '.']","['When', 'Lily', 'becomes', 'more', 'preoccupied', 'with', 'dating', 'boys', 'and', 'less', 'with', 'her', 'delightfully', 'weird', 'family', ',', 'the', 'book', 'loses', 'some', 'momentum', 'toward', 'the', 'end', '.']","['ADV', 'PROPN', 'VERB', 'ADV', 'ADJ', 'ADP', 'VERB', 'NOUN', 'CCONJ', 'ADV', 'ADP', 'PRON', 'ADV', 'ADJ', 'NOUN', 'PUNCT', 'DET', 'NOUN', 'VERB', 'DET', 'NOUN', 'ADP', 'DET', 'NOUN', 'PUNCT']","['ADV', 'PROPN', 'VERB', 'ADV', 'ADJ', 'ADP', 'NOUN', 'NOUN', 'CCONJ', 'ADV', 'ADP', 'PRON', 'ADV', 'ADJ', 'NOUN', 'PUNCT', 'DET', 'NOUN', 'VERB', 'DET', 'NOUN', 'ADP', 'DET', 'NOUN', 'PUNCT']"
"['When', 'the', 'followers', 'saw', 'this', ',', 'they', 'told', 'the', 'people', 'to', 'stop', 'bringing', 'their', 'children', 'to', 'him', '.']","['They', 'told', 'the', 'people', 'to', 'stop', 'bringing', 'their', 'children', 'to', 'him', ',', 'when', 'the', 'followers', 'saw', 'this', '.']","['PRON', 'VERB', 'DET', 'NOUN', 'PART', 'VERB', 'PRON', 'PRON', 'NOUN', 'ADP', 'PRON', 'PUNCT', 'ADV', 'DET', 'NOUN', 'VERB', 'DET', 'PUNCT']","['PRON', 'VERB', 'DET', 'NOUN', 'PART', 'VERB', 'VERB', 'PRON', 'NOUN', 'ADP', 'PRON', 'PUNCT', 'ADV', 'DET', 'NOUN', 'VERB', 'DET', 'PUNCT']"
